RegionID,RegionName,SizeRank,2014-01,2014-02,2014-03,2014-04,2014-05,2014-06,2014-07,2014-08,2014-09,2014-10,2014-11,2014-12,2015-01,2015-02,2015-03,2015-04,2015-05,2015-06,2015-07,2015-08,2015-09,2015-10,2015-11,2015-12,2016-01,2016-02,2016-03,2016-04,2016-05,2016-06,2016-07,2016-08,2016-09,2016-10,2016-11,2016-12,2017-01,2017-02,2017-03,2017-04,2017-05,2017-06,2017-07,2017-08,2017-09,2017-10,2017-11,2017-12,2018-01,2018-02,2018-03,2018-04,2018-05,2018-06,2018-07,2018-08,2018-09,2018-10,2018-11,2018-12,2019-01,2019-02,2019-03,2019-04,2019-05,2019-06,2019-07,2019-08,2019-09,2019-10,2019-11,2019-12,2020-01,2020-02,2020-03,2020-04,2020-05,2020-06,2020-07,2020-08,2020-09,2020-10,2020-11,2020-12,2021-01,2021-02,2021-03,2021-04,2021-05,2021-06,2021-07,2021-08
102001,United States,0,1336,1347,1348,1356,1369,1380,1389,1395,1396,1396,1396,1396,1401,1409,1417,1429,1438,1447,1453,1458,1458,1460,1460,1461,1466,1473,1482,1491,1500,1507,1509,1512,1512,1511,1510,1509,1513,1520,1528,1538,1547,1554,1560,1562,1561,1560,1560,1561,1565,1571,1579,1588,1598,1607,1613,1616,1617,1617,1618,1619,1623,1630,1638,1648,1659,1668,1673,1675,1675,1674,1673,1675,1681,1689,1694,1687,1683,1684,1685,1681,1679,1679,1685,1690,1694,1699,1715,1741,1772,1806,1843,1874
394913,"New York, NY",1,2257,2285,2293,2298,2331,2348,2366,2374,2377,2375,2379,2372,2381,2395,2410,2440,2451,2463,2470,2478,2486,2488,2481,2479,2481,2489,2492,2509,2522,2535,2522,2532,2538,2532,2530,2522,2519,2524,2536,2551,2567,2574,2582,2579,2587,2576,2557,2559,2553,2554,2564,2578,2592,2606,2618,2623,2623,2615,2607,2604,2605,2613,2628,2638,2664,2683,2690,2691,2684,2676,2663,2651,2659,2680,2683,2670,2655,2635,2602,2541,2485,2448,2431,2426,2430,2434,2455,2492,2538,2587,2648,2693
753899,"Los Angeles-Long Beach-Anaheim, CA",2,1788,1816,1805,1812,1835,1854,1872,1887,1896,1901,1901,1905,1918,1928,1944,1957,1967,1980,1995,2007,2015,2025,2033,2037,2049,2067,2078,2086,2103,2117,2122,2133,2140,2146,2147,2152,2164,2176,2188,2203,2218,2225,2239,2246,2251,2252,2257,2256,2267,2276,2284,2296,2306,2319,2327,2339,2344,2350,2358,2362,2366,2372,2379,2390,2399,2410,2420,2427,2432,2431,2436,2445,2449,2454,2453,2432,2418,2416,2412,2405,2409,2419,2427,2423,2420,2428,2440,2464,2494,2537,2579,2630
394463,"Chicago, IL",3,1400,1412,1414,1418,1433,1447,1455,1458,1452,1448,1447,1445,1448,1453,1443,1453,1472,1490,1499,1506,1501,1493,1485,1485,1493,1502,1511,1523,1535,1544,1550,1550,1542,1530,1522,1518,1518,1533,1545,1558,1570,1577,1579,1576,1568,1560,1554,1554,1557,1565,1577,1586,1597,1606,1609,1607,1600,1589,1587,1584,1592,1600,1613,1626,1636,1646,1651,1650,1646,1639,1629,1629,1638,1648,1655,1653,1652,1650,1646,1635,1618,1600,1592,1590,1594,1594,1614,1639,1663,1686,1705,1721
394514,"Dallas-Fort Worth, TX",4,1130,1158,1163,1179,1174,1177,1181,1184,1188,1185,1182,1185,1189,1195,1207,1217,1227,1234,1240,1244,1241,1240,1239,1241,1246,1251,1266,1276,1286,1295,1302,1303,1304,1305,1306,1306,1309,1315,1324,1330,1342,1350,1354,1358,1358,1360,1357,1357,1361,1368,1371,1379,1383,1392,1398,1402,1399,1403,1407,1404,1408,1417,1421,1431,1440,1447,1453,1453,1456,1454,1453,1450,1454,1461,1468,1462,1458,1462,1466,1466,1471,1478,1480,1485,1490,1498,1512,1538,1569,1608,1651,1684
394974,"Philadelphia, PA",5,1346,1312,1333,1336,1345,1356,1361,1366,1370,1364,1361,1349,1352,1355,1367,1378,1390,1396,1398,1399,1398,1394,1395,1394,1399,1404,1413,1422,1430,1436,1442,1436,1434,1431,1433,1431,1433,1438,1448,1455,1461,1463,1466,1467,1464,1464,1469,1470,1466,1472,1482,1492,1502,1506,1507,1509,1511,1512,1511,1515,1520,1526,1533,1540,1547,1556,1559,1560,1560,1563,1562,1560,1564,1576,1581,1573,1577,1579,1579,1581,1583,1584,1587,1594,1595,1594,1606,1623,1641,1660,1679,1705
394692,"Houston, TX",6,1177,1206,1195,1203,1228,1242,1255,1263,1263,1267,1263,1261,1266,1269,1275,1286,1293,1300,1305,1307,1303,1299,1299,1298,1297,1304,1311,1310,1310,1313,1311,1307,1303,1301,1294,1290,1289,1292,1299,1302,1309,1311,1311,1311,1316,1326,1333,1337,1339,1342,1347,1352,1356,1360,1364,1362,1362,1359,1363,1358,1358,1360,1366,1372,1379,1386,1388,1386,1384,1383,1380,1384,1387,1389,1395,1386,1379,1378,1377,1376,1381,1384,1386,1388,1388,1385,1396,1410,1438,1471,1502,1519
395209,"Washington, DC",7,1779,1820,1807,1807,1819,1833,1843,1848,1850,1838,1830,1818,1824,1832,1833,1847,1853,1863,1867,1865,1860,1864,1858,1860,1861,1867,1877,1884,1893,1903,1886,1896,1893,1890,1885,1884,1891,1896,1902,1918,1928,1933,1935,1936,1933,1924,1913,1911,1913,1920,1926,1942,1953,1966,1974,1977,1972,1967,1966,1965,1972,1982,1989,2003,2015,2026,2031,2033,2034,2026,2020,2018,2024,2031,2038,2031,2021,2018,2013,2002,1986,1972,1960,1951,1952,1953,1963,1988,2019,2056,2092,2125
394856,"Miami-Fort Lauderdale, FL",8,1576,1585,1585,1586,1599,1606,1623,1630,1643,1649,1657,1661,1666,1678,1680,1683,1695,1708,1711,1724,1735,1746,1755,1761,1764,1771,1777,1774,1778,1779,1780,1786,1789,1790,1797,1794,1800,1803,1807,1806,1807,1813,1818,1825,1831,1840,1840,1842,1847,1848,1851,1852,1857,1863,1869,1877,1885,1892,1897,1900,1899,1900,1905,1908,1909,1911,1917,1923,1927,1939,1947,1957,1958,1963,1959,1952,1941,1942,1945,1950,1960,1977,1992,2005,2011,2030,2057,2097,2147,2207,2274,2343
394347,"Atlanta, GA",9,1077,1089,1089,1098,1104,1110,1116,1120,1118,1119,1121,1124,1126,1132,1139,1149,1161,1172,1179,1180,1177,1178,1179,1181,1186,1195,1208,1216,1227,1238,1246,1249,1252,1257,1255,1254,1257,1264,1273,1282,1294,1304,1315,1321,1325,1323,1322,1324,1329,1336,1347,1356,1369,1378,1386,1392,1397,1402,1405,1409,1418,1422,1432,1443,1452,1462,1468,1472,1477,1475,1473,1474,1479,1487,1495,1490,1489,1496,1506,1518,1528,1540,1546,1557,1572,1591,1615,1645,1677,1723,1773,1827
394404,"Boston, MA",10,2036,2053,2055,2049,2065,2084,2098,2107,2101,2093,2077,2062,2074,2097,2119,2133,2153,2170,2173,2169,2163,2156,2145,2145,2172,2197,2212,2226,2246,2259,2259,2263,2251,2238,2221,2228,2257,2279,2289,2307,2319,2328,2336,2331,2320,2296,2295,2299,2322,2336,2353,2369,2383,2396,2400,2393,2375,2370,2367,2378,2398,2408,2426,2445,2463,2480,2478,2474,2460,2447,2443,2451,2470,2488,2501,2491,2480,2471,2448,2395,2354,2317,2309,2319,2346,2364,2383,2415,2448,2486,2515,2532
395057,"San Francisco, CA",11,2207,2130,2192,2219,2281,2352,2378,2424,2469,2493,2499,2510,2535,2560,2593,2616,2660,2702,2719,2749,2764,2772,2773,2780,2788,2801,2813,2831,2849,2873,2866,2881,2868,2852,2842,2826,2830,2847,2859,2877,2904,2927,2943,2949,2951,2942,2929,2929,2940,2942,2957,2971,2995,3011,3028,3041,3042,3038,3038,3038,3041,3053,3067,3078,3095,3118,3133,3135,3129,3117,3113,3114,3130,3144,3141,3124,3107,3079,3042,2977,2924,2880,2860,2839,2843,2853,2883,2914,2959,3018,3072,3092
394532,"Detroit, MI",12,991,996,1002,1005,1012,1018,1025,1027,1026,1026,1025,1024,1024,1028,1036,1038,1044,1051,1054,1058,1061,1050,1053,1054,1059,1062,1067,1073,1077,1085,1091,1100,1094,1094,1089,1086,1090,1094,1100,1110,1118,1127,1132,1136,1136,1134,1135,1133,1134,1141,1148,1149,1162,1167,1173,1177,1177,1175,1176,1176,1178,1178,1185,1193,1201,1209,1215,1218,1215,1214,1215,1215,1207,1212,1218,1220,1223,1233,1248,1247,1258,1275,1272,1287,1283,1296,1312,1325,1340,1359,1379,1397
395025,"Riverside, CA",13,1423,1434,1432,1431,1437,1445,1459,1458,1463,1467,1471,1481,1484,1491,1496,1509,1512,1517,1522,1530,1540,1542,1550,1553,1556,1565,1570,1576,1584,1594,1600,1604,1618,1618,1624,1626,1638,1641,1654,1669,1681,1689,1698,1706,1711,1719,1725,1722,1728,1741,1752,1766,1769,1784,1795,1805,1815,1820,1821,1832,1833,1841,1844,1854,1860,1864,1883,1892,1893,1902,1908,1911,1917,1926,1926,1920,1917,1936,1956,1984,2021,2053,2071,2089,2128,2131,2171,2203,2237,2288,2347,2393
394976,"Phoenix, AZ",14,970,987,980,981,988,994,996,1001,1004,1005,1007,1009,1012,1030,1035,1045,1053,1058,1057,1061,1066,1067,1072,1074,1081,1085,1094,1103,1111,1118,1121,1122,1124,1126,1128,1130,1134,1142,1152,1160,1169,1175,1180,1184,1188,1191,1190,1191,1199,1205,1219,1233,1242,1250,1258,1266,1271,1277,1283,1289,1292,1304,1314,1328,1341,1351,1360,1369,1370,1376,1383,1396,1403,1416,1419,1412,1413,1419,1431,1447,1466,1481,1501,1509,1524,1538,1567,1602,1653,1708,1758,1806
395078,"Seattle, WA",15,1405,1434,1425,1444,1473,1489,1502,1517,1522,1520,1518,1523,1531,1545,1560,1573,1585,1604,1615,1628,1633,1639,1633,1630,1639,1650,1674,1693,1721,1739,1734,1755,1757,1760,1753,1753,1761,1771,1796,1819,1842,1859,1871,1875,1869,1858,1844,1837,1841,1854,1869,1888,1906,1917,1926,1927,1922,1916,1912,1912,1914,1926,1943,1962,1981,2000,2010,2018,2008,2004,1998,2004,2022,2041,2056,2044,2032,2029,2026,2013,1990,1966,1939,1922,1929,1940,1963,2007,2048,2102,2153,2194
394865,"Minneapolis-St Paul, MN",16,1185,1203,1200,1204,1210,1223,1231,1241,1238,1233,1218,1215,1216,1226,1239,1250,1261,1270,1275,1274,1271,1267,1269,1270,1271,1284,1294,1301,1314,1321,1324,1325,1323,1325,1326,1318,1333,1344,1354,1361,1369,1377,1381,1384,1383,1375,1383,1382,1392,1396,1406,1418,1425,1436,1440,1440,1437,1437,1438,1439,1446,1453,1469,1480,1490,1500,1500,1487,1494,1495,1501,1498,1505,1515,1524,1525,1521,1521,1520,1521,1516,1530,1519,1520,1517,1513,1529,1540,1561,1573,1585,1590
395056,"San Diego, CA",17,1727,1708,1721,1729,1753,1768,1776,1785,1793,1795,1805,1804,1820,1839,1850,1861,1870,1880,1889,1900,1906,1906,1916,1916,1923,1933,1949,1968,1984,2002,2002,2007,2017,2015,2017,2018,2021,2039,2056,2064,2086,2099,2109,2119,2118,2120,2112,2116,2129,2143,2153,2164,2184,2199,2207,2220,2222,2222,2224,2220,2222,2229,2237,2249,2265,2271,2287,2298,2297,2300,2299,2301,2303,2310,2311,2298,2300,2308,2315,2326,2340,2346,2366,2375,2384,2391,2409,2444,2489,2533,2593,2649
395121,"St. Louis, MO",18,922,901,913,922,933,938,943,945,943,948,938,941,940,946,957,957,961,967,963,967,966,967,966,967,967,972,975,979,986,988,991,991,987,990,989,985,988,989,996,1001,1003,1007,1010,1010,1010,1012,1008,1007,1010,1011,1014,1023,1029,1026,1033,1033,1036,1033,1032,1034,1035,1040,1049,1058,1058,1072,1070,1070,1069,1068,1067,1066,1071,1075,1089,1090,1092,1090,1095,1099,1105,1112,1107,1107,1112,1119,1129,1147,1161,1168,1185,1191
395148,"Tampa, FL",19,1105,1115,1117,1116,1125,1128,1134,1138,1141,1142,1146,1150,1155,1162,1165,1169,1175,1184,1191,1196,1197,1204,1212,1214,1217,1223,1231,1239,1243,1250,1251,1256,1260,1264,1269,1269,1275,1278,1286,1294,1300,1308,1313,1318,1314,1321,1327,1330,1335,1343,1352,1362,1369,1376,1383,1386,1388,1392,1398,1399,1402,1408,1416,1423,1432,1436,1442,1450,1451,1455,1457,1463,1471,1477,1483,1477,1472,1483,1491,1505,1518,1533,1547,1553,1562,1588,1604,1635,1683,1742,1808,1876
394358,"Baltimore, MD",20,1426,1454,1454,1466,1476,1486,1498,1500,1499,1498,1498,1496,1489,1491,1490,1498,1503,1514,1522,1523,1518,1514,1512,1519,1514,1513,1519,1526,1530,1537,1536,1530,1525,1519,1514,1507,1508,1517,1517,1525,1543,1544,1547,1544,1536,1535,1533,1525,1523,1527,1537,1547,1555,1554,1557,1560,1554,1553,1553,1553,1556,1570,1576,1581,1588,1592,1597,1594,1593,1585,1586,1590,1595,1596,1592,1582,1583,1585,1593,1592,1600,1606,1612,1617,1616,1627,1647,1678,1700,1721,1755,1775
394530,"Denver, CO",21,1229,1190,1215,1240,1266,1301,1318,1334,1346,1355,1367,1369,1372,1389,1404,1422,1436,1453,1460,1468,1469,1472,1465,1476,1479,1490,1491,1502,1521,1529,1535,1536,1536,1523,1516,1513,1517,1524,1540,1551,1569,1581,1589,1590,1584,1579,1573,1572,1578,1586,1595,1608,1620,1635,1644,1648,1644,1639,1639,1642,1644,1653,1663,1674,1688,1704,1706,1707,1699,1696,1693,1692,1695,1708,1713,1697,1693,1693,1698,1697,1694,1691,1690,1692,1704,1706,1725,1758,1793,1831,1873,1903
394982,"Pittsburgh, PA",22,913,967,972,987,988,1001,1005,1027,1019,1002,1003,1010,990,1001,1007,1011,1019,1022,1029,1034,1019,1010,1017,1006,1013,1029,1037,1040,1042,1040,1040,1033,1023,1023,1019,1019,1023,1037,1043,1050,1052,1054,1055,1049,1042,1042,1046,1044,1053,1059,1067,1071,1077,1080,1086,1085,1078,1079,1085,1088,1087,1094,1102,1105,1107,1113,1116,1117,1121,1123,1128,1135,1134,1135,1136,1136,1140,1143,1142,1140,1133,1141,1144,1148,1153,1156,1161,1173,1181,1196,1198,1218
394998,"Portland, OR",23,1126,1152,1153,1157,1176,1197,1211,1222,1231,1236,1234,1238,1244,1250,1264,1279,1297,1318,1337,1356,1362,1366,1362,1362,1364,1375,1388,1404,1421,1435,1443,1444,1444,1436,1433,1430,1435,1443,1453,1465,1479,1486,1492,1496,1493,1483,1476,1468,1473,1479,1488,1498,1513,1524,1532,1537,1536,1530,1528,1528,1526,1537,1546,1553,1569,1574,1584,1590,1591,1587,1588,1590,1589,1595,1596,1588,1587,1596,1601,1608,1609,1603,1605,1599,1608,1609,1627,1654,1684,1715,1747,1773
394458,"Charlotte, NC",24,1072,1076,1077,1082,1094,1104,1111,1116,1114,1113,1112,1115,1117,1119,1122,1136,1151,1160,1167,1174,1174,1171,1172,1174,1179,1189,1197,1201,1209,1217,1225,1230,1232,1236,1234,1230,1239,1239,1247,1261,1272,1278,1287,1289,1290,1287,1290,1286,1287,1293,1300,1312,1323,1332,1338,1342,1341,1341,1349,1358,1357,1365,1372,1381,1396,1402,1408,1408,1413,1416,1414,1416,1422,1425,1434,1419,1414,1422,1430,1434,1440,1447,1459,1459,1470,1482,1499,1528,1556,1590,1628,1662
395045,"Sacramento, CA",25,1243,1269,1260,1260,1270,1277,1293,1294,1299,1308,1302,1303,1312,1315,1329,1341,1352,1361,1371,1387,1399,1401,1391,1402,1412,1417,1429,1450,1467,1481,1491,1502,1496,1501,1516,1526,1530,1543,1559,1569,1589,1605,1610,1624,1635,1639,1635,1640,1642,1650,1659,1671,1693,1707,1714,1725,1719,1720,1726,1732,1734,1747,1762,1771,1782,1795,1801,1804,1809,1809,1810,1803,1810,1828,1830,1834,1831,1848,1863,1879,1899,1915,1925,1932,1954,1965,1976,1999,2033,2075,2131,2152
395055,"San Antonio, TX",26,972,986,982,991,998,1003,1002,1008,1011,1012,1008,996,1005,1015,1023,1032,1040,1045,1048,1051,1046,1051,1052,1058,1053,1056,1067,1071,1077,1080,1079,1086,1085,1086,1090,1089,1089,1096,1102,1107,1111,1116,1120,1119,1117,1117,1115,1115,1116,1118,1127,1131,1137,1144,1147,1153,1154,1155,1157,1155,1157,1160,1165,1170,1179,1184,1191,1197,1201,1203,1197,1198,1199,1201,1201,1198,1198,1199,1206,1215,1217,1219,1222,1225,1230,1235,1244,1261,1281,1303,1339,1374
394943,"Orlando, FL",27,1129,1141,1141,1146,1154,1165,1186,1181,1180,1177,1174,1177,1181,1187,1192,1202,1216,1219,1229,1235,1239,1242,1241,1244,1250,1252,1257,1268,1281,1288,1296,1300,1300,1302,1298,1298,1307,1316,1315,1329,1343,1351,1360,1363,1353,1365,1370,1381,1388,1397,1407,1417,1426,1438,1446,1450,1452,1455,1458,1459,1463,1466,1474,1482,1494,1502,1509,1509,1512,1516,1513,1516,1519,1524,1526,1518,1515,1520,1526,1526,1531,1533,1537,1545,1559,1563,1580,1609,1642,1692,1746,1798
394466,"Cincinnati, OH",28,943,945,948,959,977,978,985,991,992,986,978,978,979,984,1001,1002,1003,1012,1018,1026,1024,1025,1027,1026,1031,1031,1040,1040,1046,1048,1051,1057,1056,1054,1057,1065,1068,1075,1077,1084,1089,1092,1093,1094,1098,1096,1099,1101,1104,1107,1115,1122,1131,1133,1135,1138,1144,1154,1153,1159,1160,1162,1176,1182,1194,1196,1204,1205,1206,1204,1216,1212,1222,1231,1234,1236,1237,1239,1245,1248,1253,1261,1269,1275,1282,1289,1307,1323,1328,1342,1356,1356
394475,"Cleveland, OH",29,974,971,969,977,982,993,1002,986,989,995,997,997,1003,1008,1015,1022,1029,1053,1041,1035,1032,1035,1040,1027,1035,1044,1047,1053,1063,1080,1117,1103,1074,1057,1050,1049,1044,1049,1051,1060,1063,1065,1068,1066,1073,1070,1068,1062,1067,1071,1076,1083,1092,1090,1094,1097,1098,1103,1102,1101,1105,1112,1119,1125,1129,1129,1132,1124,1124,1121,1126,1133,1132,1140,1138,1151,1151,1153,1152,1169,1163,1168,1167,1181,1176,1190,1206,1204,1224,1237,1256,1261
394735,"Kansas City, MO",30,902,889,900,915,919,935,955,951,945,938,935,934,939,935,949,956,956,971,973,982,973,973,974,975,976,980,987,994,997,1002,1004,1009,1011,1011,1013,1015,1016,1019,1022,1030,1037,1038,1044,1047,1045,1047,1050,1053,1051,1053,1059,1064,1072,1078,1080,1085,1087,1081,1083,1081,1086,1093,1098,1106,1113,1120,1125,1128,1128,1120,1122,1131,1130,1138,1146,1150,1152,1161,1170,1170,1195,1191,1184,1191,1187,1186,1198,1216,1236,1256,1271,1262
394775,"Las Vegas, NV",31,995,998,998,1000,1007,1015,1019,1020,1021,1022,1022,1020,1020,1025,1030,1037,1043,1051,1056,1061,1064,1062,1064,1066,1067,1072,1080,1086,1096,1104,1106,1109,1111,1111,1114,1112,1114,1121,1130,1139,1149,1157,1166,1170,1176,1176,1178,1182,1183,1193,1202,1214,1227,1237,1245,1252,1255,1257,1264,1264,1270,1277,1288,1299,1312,1320,1328,1332,1333,1331,1329,1331,1335,1344,1347,1334,1333,1342,1357,1375,1389,1405,1417,1421,1433,1452,1470,1502,1551,1608,1667,1718
394492,"Columbus, OH",32,945,975,953,948,959,963,961,968,972,985,984,980,972,973,983,989,1004,1011,1012,1019,1018,1023,1032,1022,1025,1024,1031,1037,1048,1056,1053,1048,1047,1050,1049,1058,1056,1061,1074,1077,1085,1091,1093,1096,1097,1099,1103,1108,1107,1113,1124,1133,1138,1144,1148,1145,1149,1150,1153,1154,1164,1170,1176,1178,1179,1183,1187,1188,1199,1198,1197,1200,1208,1213,1211,1219,1221,1228,1236,1242,1246,1253,1263,1270,1268,1270,1288,1289,1306,1320,1344,1359
394705,"Indianapolis, IN",33,967,964,968,971,984,990,989,994,992,996,988,984,979,986,998,1004,1005,1007,1011,1014,1017,1019,1023,1021,1020,1020,1026,1036,1043,1046,1054,1051,1048,1044,1040,1038,1043,1049,1053,1061,1069,1074,1075,1076,1079,1083,1083,1082,1090,1090,1098,1103,1109,1114,1118,1121,1121,1120,1122,1122,1126,1132,1143,1154,1161,1170,1173,1170,1178,1174,1169,1169,1177,1186,1193,1191,1202,1218,1228,1239,1245,1251,1247,1259,1270,1287,1292,1299,1321,1351,1373,1391
395059,"San Jose, CA",34,2189,2208,2209,2236,2319,2430,2473,2515,2550,2545,2550,2559,2584,2622,2636,2665,2702,2758,2796,2836,2815,2835,2821,2829,2829,2846,2842,2856,2881,2889,2906,2887,2875,2844,2823,2816,2838,2846,2859,2884,2910,2935,2955,2947,2955,2937,2919,2916,2934,2954,2974,2994,3020,3053,3070,3074,3069,3062,3048,3030,3045,3065,3088,3098,3115,3138,3152,3163,3147,3132,3120,3127,3143,3165,3176,3148,3123,3098,3064,3025,2994,2941,2919,2906,2895,2900,2919,2939,2989,3031,3082,3126
394355,"Austin, TX",35,1189,1196,1194,1205,1222,1230,1248,1252,1254,1247,1245,1247,1255,1259,1273,1279,1290,1295,1303,1307,1307,1304,1308,1312,1316,1319,1327,1333,1339,1347,1350,1345,1342,1338,1335,1334,1336,1342,1352,1359,1364,1374,1375,1368,1358,1354,1353,1351,1347,1357,1365,1374,1386,1401,1409,1414,1415,1415,1420,1416,1419,1428,1434,1443,1454,1464,1473,1476,1475,1476,1477,1476,1478,1485,1492,1477,1467,1465,1467,1463,1454,1452,1456,1455,1467,1482,1505,1544,1590,1645,1700,1754
395194,"Virginia Beach, VA",36,1156,1173,1170,1172,1178,1182,1187,1186,1184,1182,1182,1185,1185,1186,1190,1196,1196,1201,1203,1202,1199,1198,1195,1196,1201,1207,1207,1212,1215,1214,1215,1213,1207,1208,1204,1206,1214,1219,1223,1232,1232,1231,1234,1235,1235,1233,1230,1228,1228,1236,1246,1251,1252,1252,1256,1258,1255,1255,1259,1260,1263,1271,1277,1281,1291,1293,1293,1297,1295,1295,1300,1301,1299,1303,1305,1303,1303,1310,1325,1338,1346,1354,1364,1373,1382,1386,1400,1415,1445,1470,1504,1527
394902,"Nashville, TN",37,1127,1143,1143,1173,1180,1194,1206,1211,1215,1222,1223,1221,1222,1234,1248,1258,1268,1281,1287,1290,1289,1293,1291,1297,1305,1309,1327,1330,1343,1352,1362,1371,1363,1360,1350,1355,1359,1361,1374,1383,1401,1404,1408,1419,1417,1404,1396,1394,1400,1401,1414,1426,1433,1450,1450,1448,1444,1445,1441,1444,1450,1460,1467,1479,1494,1503,1512,1510,1510,1508,1514,1520,1526,1530,1538,1539,1539,1541,1545,1547,1539,1542,1545,1550,1559,1557,1578,1609,1641,1678,1722,1768
395005,"Providence, RI",38,1135,1220,1212,1202,1200,1217,1221,1206,1181,1193,1184,1184,1194,1230,1243,1247,1265,1257,1261,1255,1238,1246,1261,1262,1278,1288,1288,1306,1310,1301,1320,1322,1301,1304,1301,1316,1324,1346,1364,1367,1372,1375,1363,1359,1312,1338,1356,1366,1393,1400,1412,1427,1430,1438,1435,1425,1424,1417,1430,1441,1447,1465,1480,1499,1507,1505,1496,1487,1483,1498,1495,1486,1504,1520,1541,1546,1535,1545,1568,1569,1571,1584,1610,1620,1636,1648,1661,1693,1745,1748,1773,1785
394862,"Milwaukee, WI",39,904,942,942,948,955,967,975,983,982,979,976,971,986,975,982,996,995,998,998,1006,997,1002,994,991,992,997,1002,1016,1012,1019,1021,1017,1012,1013,1011,1015,1014,1015,1020,1024,1036,1037,1036,1035,1032,1027,1024,1030,1035,1038,1041,1048,1054,1059,1055,1055,1054,1054,1052,1055,1060,1067,1072,1077,1083,1082,1084,1080,1085,1085,1088,1092,1091,1096,1099,1102,1101,1107,1112,1114,1113,1125,1121,1107,1119,1126,1132,1143,1151,1169,1175,1192
394714,"Jacksonville, FL",40,1069,1058,1066,1082,1078,1082,1082,1084,1085,1086,1087,1084,1089,1086,1086,1094,1104,1112,1119,1122,1119,1121,1120,1121,1126,1134,1138,1144,1147,1154,1155,1161,1161,1155,1160,1156,1161,1164,1173,1182,1189,1198,1203,1210,1192,1199,1207,1210,1218,1222,1229,1239,1249,1259,1264,1268,1269,1269,1272,1278,1274,1279,1286,1292,1299,1308,1315,1318,1321,1316,1317,1318,1323,1326,1331,1329,1329,1335,1345,1361,1369,1378,1380,1385,1401,1416,1434,1463,1495,1542,1586,1629
394849,"Memphis, TN",41,1070,1057,1071,1073,1080,1085,1089,1090,1087,1091,1090,1095,1097,1096,1093,1096,1100,1102,1104,1107,1107,1104,1108,1107,1108,1116,1118,1120,1121,1127,1129,1128,1130,1133,1130,1131,1132,1131,1134,1142,1144,1143,1152,1154,1157,1153,1153,1151,1159,1161,1165,1174,1178,1187,1192,1195,1194,1195,1198,1201,1203,1211,1218,1226,1231,1235,1241,1242,1246,1241,1242,1248,1257,1271,1282,1285,1289,1304,1314,1339,1351,1359,1371,1367,1386,1395,1411,1438,1476,1498,1518,1535
394935,"Oklahoma City, OK",42,958,973,974,985,993,1000,1007,1008,999,998,998,1008,1010,1008,1013,1015,1033,1034,1035,1030,1019,1007,1000,1009,1013,1020,1021,1024,1026,1031,1026,1025,1015,1005,1000,1006,1000,1008,1018,1020,1025,1030,1033,1034,1027,1024,1014,1015,1024,1025,1034,1039,1042,1048,1049,1049,1048,1049,1049,1051,1049,1057,1059,1067,1103,1093,1084,1083,1080,1079,1079,1077,1080,1080,1089,1091,1095,1094,1097,1099,1101,1109,1116,1111,1116,1117,1128,1147,1165,1192,1210,1228
394807,"Louisville-Jefferson County, KY",43,840,854,852,852,868,870,880,883,881,884,878,881,881,893,890,914,903,902,911,909,912,900,903,906,912,912,919,925,935,946,945,949,944,945,946,951,952,967,969,972,977,984,986,985,983,976,972,982,983,994,999,999,1004,1007,1003,1010,1011,1011,1012,1011,1016,1019,1023,1035,1038,1042,1039,1036,1044,1039,1036,1037,1045,1049,1057,1055,1058,1069,1075,1074,1079,1088,1085,1086,1087,1094,1097,1115,1123,1126,1143,1145
394669,"Hartford, CT",44,1293,1268,1262,1267,1273,1285,1298,1297,1299,1296,1294,1294,1297,1309,1309,1315,1315,1324,1327,1324,1321,1321,1319,1320,1327,1332,1331,1331,1341,1344,1346,1349,1349,1339,1341,1344,1342,1347,1354,1360,1369,1372,1373,1373,1368,1365,1362,1360,1367,1373,1376,1385,1394,1394,1400,1393,1394,1393,1399,1401,1406,1407,1410,1416,1416,1424,1429,1430,1422,1417,1416,1428,1435,1437,1432,1443,1442,1453,1458,1467,1480,1479,1485,1487,1495,1491,1513,1537,1562,1583,1598,1604
395022,"Richmond, VA",45,,1076,1057,1067,1080,1089,1093,1089,1095,1087,1082,1088,1091,1089,1097,1106,1106,1101,1114,1122,1116,1113,1116,1109,1117,1117,1137,1142,1138,1142,1157,1147,1145,1139,1138,1137,1138,1147,1152,1166,1175,1179,1183,1177,1173,1173,1180,1181,1190,1190,1199,1212,1221,1226,1227,1224,1219,1219,1227,1225,1229,1235,1246,1256,1263,1264,1267,1271,1272,1268,1265,1273,1275,1279,1286,1281,1287,1290,1296,1300,1297,1302,1314,1317,1326,1332,1348,1357,1382,1411,1435,1429
394910,"New Orleans, LA",46,1108,1081,1090,1077,1079,1082,1117,1116,1110,1085,1095,1108,1116,1109,1111,1109,1119,1127,1128,1127,1124,1129,1133,1145,1145,1135,1130,1134,1142,1139,1135,1135,1144,1151,1146,1160,1150,1160,1153,1152,1158,1157,1160,1166,1168,1170,1170,1170,1141,1146,1166,1172,1172,1172,1174,1169,1172,1180,1183,1167,1168,1171,1178,1181,1186,1186,1191,1190,1202,1199,1210,1207,1206,1208,1203,1201,1202,1198,1207,1193,1214,1220,1225,1231,1241,1244,1251,1270,1284,1268,1294,1319
394425,"Buffalo, NY",47,,789,838,830,841,852,868,850,863,876,867,867,870,880,894,897,920,892,905,917,917,909,912,915,921,911,922,930,936,937,933,941,941,944,940,943,962,967,967,965,967,974,975,970,965,970,975,983,981,988,993,997,1007,1009,1009,1009,1003,1002,1008,1014,1018,1026,1036,1036,1043,1039,1040,1035,1033,1039,1039,1041,1055,1064,1079,1070,1070,1080,1079,1091,1086,1090,1091,1095,1109,1127,1118,1135,1147,1159,1177,1190
395012,"Raleigh, NC",48,1151,1148,1143,1156,1162,1172,1181,1182,1180,1176,1172,1167,1177,1184,1194,1199,1209,1218,1227,1228,1229,1224,1220,1210,1217,1224,1238,1247,1255,1262,1265,1269,1273,1271,1264,1259,1260,1266,1273,1283,1292,1304,1306,1304,1303,1301,1298,1298,1297,1302,1310,1320,1329,1338,1343,1348,1347,1342,1343,1341,1345,1357,1367,1373,1386,1399,1405,1406,1406,1404,1401,1405,1412,1408,1416,1409,1403,1411,1417,1422,1435,1435,1440,1443,1459,1458,1474,1497,1531,1568,1607,1647
394388,"Birmingham, AL",49,991,1000,998,997,996,1007,1008,1020,1016,1012,1006,1013,1015,1020,1021,1026,1027,1029,1035,1035,1038,1037,1040,1039,1039,1048,1043,1057,1049,1049,1053,1049,1055,1060,1049,1051,1056,1055,1059,1063,1066,1067,1075,1070,1089,1078,1080,1086,1082,1078,1087,1095,1100,1106,1097,1108,1105,1115,1117,1121,1129,1134,1142,1139,1142,1146,1148,1151,1157,1155,1153,1154,1155,1164,1186,1186,1178,1173,1185,1190,1210,1200,1209,1220,1219,1223,1229,1238,1255,1266,1299,1305
395053,"Salt Lake City, UT",50,,1047,1052,1052,1066,1076,1084,1083,1071,1080,1073,1079,1084,1087,1088,1104,1110,1124,1125,1116,1125,1126,1129,1139,1141,1143,1151,1156,1163,1169,1170,1184,1187,1186,1189,1184,1185,1199,1207,1218,1230,1242,1239,1250,1260,1256,1244,1232,1244,1272,1281,1282,1293,1296,1309,1314,1322,1320,1317,1327,1329,1330,1339,1354,1361,1365,1376,1379,1382,1376,1374,1371,1378,1378,1391,1381,1373,1379,1385,1389,1409,1409,1402,1413,1415,1427,1455,1485,1526,1556,1576,1584
395031,"Rochester, NY",51,,942,920,936,951,945,962,975,977,975,960,976,967,980,985,974,985,990,997,994,1009,1006,1005,1007,1015,1003,1006,1006,1015,1027,1024,1022,1028,1026,1016,1020,1022,1039,1035,1040,1048,1050,1054,1058,1055,1052,1049,1057,1066,1077,1073,1076,1081,1090,1090,1094,1088,1084,1082,1080,1089,1095,1098,1108,1119,1124,1125,1111,1106,1095,1107,1111,1119,1124,1134,1136,1133,1136,1147,1151,1151,1155,1172,1173,1191,1222,1232,1248,1262,1275,1291,1300
394640,"Grand Rapids, MI",52,778,807,801,820,855,858,864,867,867,859,864,856,861,869,876,897,910,926,930,926,931,929,934,933,939,943,959,980,997,1006,1015,1008,1010,1004,1009,1009,1006,1022,1023,1029,1057,1071,1074,1072,1071,1063,1063,1054,1056,1066,1079,1097,1107,1116,1119,1123,1118,1113,1114,1114,1120,1125,1129,1141,1167,1170,1172,1166,1164,1165,1172,1168,1168,1175,1184,1190,1199,1210,1215,1208,1214,1227,1222,1231,1226,1237,1260,1276,1294,1318,1364,1378
395167,"Tucson, AZ",53,915,926,926,925,929,932,935,933,932,931,934,930,932,935,937,942,942,948,953,949,950,955,946,950,955,961,964,971,975,970,974,979,981,982,979,988,990,999,1007,1013,1021,1021,1023,1026,1028,1030,1033,1036,1040,1049,1051,1066,1069,1080,1086,1091,1092,1099,1105,1112,1113,1118,1123,1130,1140,1141,1148,1162,1157,1156,1169,1173,1183,1189,1187,1180,1185,1192,1202,1219,1237,1260,1264,1270,1268,1285,1318,1353,1365,1387,1402,1450
753924,"Urban Honolulu, HI",54,1977,2007,2005,1996,2041,2064,2049,2073,2124,2130,2146,2186,2189,2179,2187,2181,2191,2192,2197,2218,2223,2217,2226,2230,2233,2212,2230,2234,2228,2241,2254,2255,2252,2239,2254,2246,2248,2250,2260,2276,2274,2265,2269,2274,2272,2276,2273,2272,2272,2286,2295,2294,2301,2314,2313,2315,2313,2309,2309,2308,2320,2322,2341,2349,2341,2334,2353,2353,2355,2359,2344,2347,2356,2372,2353,2343,2343,2337,2337,2341,2344,2324,2354,2359,2365,2392,2405,2455,2501,2456,2514,2541
395169,"Tulsa, OK",55,912,922,923,918,926,928,937,940,937,936,940,942,935,937,942,943,948,948,952,969,961,957,954,957,953,944,951,952,961,962,963,964,958,968,962,963,957,956,959,963,965,967,970,967,963,965,969,967,970,973,974,969,978,981,983,985,986,984,982,983,987,987,988,990,999,1005,1010,1007,1013,1015,1018,1016,1021,1026,1028,1026,1029,1034,1046,1052,1050,1054,1064,1056,1069,1085,1100,1114,1136,1145,1171,1189
394619,"Fresno, CA",56,1167,1197,1187,1191,1215,1205,1198,1201,1205,1208,1214,1215,1218,1223,1220,1232,1235,1243,1239,1232,1232,1242,1247,1250,1256,1266,1270,1273,1277,1287,1293,1295,1298,1289,1297,1301,1296,1303,1315,1322,1341,1354,1364,1366,1363,1369,1365,1380,1366,1377,1384,1400,1412,1416,1427,1427,1443,1445,1440,1464,1459,1472,1475,1486,1488,1500,1513,1513,1523,1530,1521,1540,1555,1567,1560,1545,1544,1553,1555,1572,1587,1599,1621,1627,1648,1680,1722,1766,1794,1833,1891,1918
395238,"Worcester, MA",57,1089,1071,1087,1085,1097,1102,1111,1113,1124,1120,1123,1125,1123,1128,1135,1140,1145,1157,1160,1162,1161,1163,1166,1176,1176,1180,1185,1194,1211,1217,1220,1222,1225,1230,1227,1238,1238,1253,1255,1268,1277,1282,1277,1280,1282,1287,1284,1290,1301,1305,1319,1322,1325,1340,1362,1359,1371,1370,1363,1367,1368,1382,1385,1399,1406,1408,1424,1419,1428,1431,1439,1443,1456,1463,1451,1463,1453,1469,1475,1474,1489,1492,1502,1525,1539,1528,1531,1555,1588,1602,1621,1642
394415,"Stamford, CT",58,1880,1894,1900,1928,1981,2025,2028,2015,2003,2002,1996,2025,2032,2021,2032,2039,2060,2059,2073,2067,2071,2054,2039,2050,2076,2064,2076,2070,2091,2097,2097,2095,2090,2094,2073,2068,2080,2125,2113,2120,2139,2133,2134,2136,2130,2130,2126,2113,2129,2129,2146,2166,2175,2191,2193,2190,2190,2181,2180,2184,2194,2201,2198,2218,2229,2239,2247,2255,2266,2259,2234,2231,2226,2253,2267,2273,2278,2296,2306,2312,2335,2365,2350,2342,2359,2377,2397,2454,2499,2533,2560,2575
394312,"Albuquerque, NM",59,927,929,931,931,938,938,944,948,944,943,941,937,942,938,946,955,961,964,967,971,968,967,960,962,965,967,972,980,982,988,994,996,994,995,989,983,985,995,998,1003,1006,1014,1014,1016,1009,1008,1012,1010,1013,1018,1025,1030,1035,1040,1046,1051,1048,1047,1045,1045,1047,1054,1059,1064,1076,1084,1093,1094,1099,1099,1096,1095,1100,1110,1111,1108,1102,1122,1141,1148,1166,1172,1177,1176,1185,1200,1216,1246,1263,1292,1326,1364
394308,"Albany, NY",60,1043,1118,1059,1086,1086,1081,1098,1121,1115,1121,1108,1122,1132,1126,1130,1125,1126,1131,1128,1124,1112,1131,1130,1124,1133,1133,1156,1156,1158,1158,1153,1157,1166,1161,1162,1195,1186,1188,1176,1184,1187,1191,1183,1181,1178,1165,1186,1175,1196,1205,1216,1214,1212,1211,1206,1214,1224,1225,1204,1227,1234,1221,1225,1219,1236,1240,1250,1249,1241,1248,1253,1258,1267,1259,1266,1302,1275,1269,1271,1276,1291,1308,1296,1307,1309,1268,1296,1331,1361,1370,1396,1389
394938,"Omaha, NE",61,903,864,893,895,908,909,921,917,921,923,922,929,929,938,956,965,953,958,957,958,955,952,951,961,964,964,971,974,981,985,988,993,993,994,993,990,992,998,1002,1008,1019,1012,1027,1025,1020,1018,1016,1019,1016,1025,1022,1031,1041,1042,1043,1045,1048,1048,1046,1049,1054,1056,1058,1063,1073,1085,1086,1084,1081,1087,1090,1091,1093,1098,1111,1115,1122,1127,1132,1140,1133,1133,1135,1144,1139,1152,1162,1165,1182,1208,1222,1228
394908,"New Haven, CT",62,1230,1240,1243,1255,1270,1281,1291,1281,1280,1268,1287,1291,1295,1294,1306,1314,1320,1315,1319,1316,1312,1306,1316,1299,1310,1329,1329,1347,1355,1356,1354,1347,1344,1338,1335,1337,1344,1346,1354,1369,1372,1377,1376,1385,1373,1370,1378,1382,1380,1386,1391,1402,1408,1407,1410,1409,1421,1409,1410,1420,1426,1427,1438,1447,1448,1441,1441,1443,1438,1454,1460,1464,1465,1479,1479,1482,1485,1494,1485,1491,1508,1527,1538,1534,1544,1534,1547,1553,1588,1637,1661,1672
394357,"Bakersfield, CA",63,1074,1019,1044,1051,1064,1091,1085,1087,1087,1080,1084,1085,1080,1093,1101,1107,1106,1108,1108,1107,1110,1105,1104,1102,1099,1113,1103,1115,1114,1124,1131,1135,1137,1135,1136,1142,1143,1145,1154,1157,1160,1162,1166,1168,1174,1154,1162,1171,1183,1186,1192,1202,1207,1210,1214,1218,1222,1226,1228,1227,1244,1246,1271,1274,1274,1280,1280,1283,1289,1294,1297,1295,1310,1329,1317,1328,1327,1341,1367,1394,1384,1399,1402,1392,1427,1439,1442,1470,1511,1518,1547,1543
394753,"Knoxville, TN",64,941,961,958,964,967,968,968,973,963,966,964,966,982,984,999,1006,1010,995,999,999,986,977,974,977,977,999,1002,1014,1031,1038,1040,1043,1031,1018,1025,1029,1028,1047,1053,1063,1066,1065,1076,1074,1076,1075,1075,1063,1077,1084,1092,1092,1111,1114,1123,1120,1129,1126,1125,1130,1146,1147,1163,1165,1172,1192,1184,1188,1188,1193,1192,1203,1206,1213,1201,1202,1204,1217,1226,1243,1256,1277,1275,1286,1296,1312,1314,1328,1378,1415,1446,1486
394653,"Greenville, SC",65,940,916,933,952,959,953,961,964,964,964,948,950,953,954,977,989,1000,1005,1003,1000,1002,1005,1008,1008,1015,1024,1037,1056,1060,1057,1053,1053,1059,1046,1033,1041,1035,1043,1056,1066,1076,1082,1083,1085,1077,1069,1070,1070,1080,1087,1093,1107,1108,1116,1117,1115,1123,1121,1121,1120,1122,1130,1135,1140,1153,1156,1161,1153,1163,1156,1160,1161,1159,1173,1183,1176,1167,1168,1163,1174,1181,1175,1183,1195,1210,1203,1224,1237,1262,1290,1328,1344
394952,"Ventura, CA",66,2006,2008,1976,1997,2015,2028,2053,2060,2071,2063,2079,2082,2089,2085,2111,2141,2154,2153,2167,2174,2180,2178,2180,2166,2171,2179,2212,2218,2229,2250,2269,2273,2274,2287,2297,2286,2295,2316,2340,2344,2356,2347,2356,2363,2374,2361,2369,2390,2397,2424,2432,2420,2444,2461,2467,2487,2482,2499,2506,2509,2509,2518,2539,2509,2533,2551,2549,2552,2546,2552,2568,2583,2593,2597,2595,2551,2562,2579,2593,2607,2613,2618,2651,2709,2730,2691,2751,2820,2837,2895,2932,2949
394318,"Allentown, PA",67,1197,1224,1210,1216,1229,1243,1239,1239,1242,1241,1231,1237,1226,1229,1239,1256,1254,1260,1259,1266,1256,1263,1257,1266,1268,1268,1281,1284,1287,1291,1302,1294,1299,1303,1299,1291,1292,1301,1320,1325,1326,1331,1329,1341,1346,1345,1334,1330,1332,1342,1347,1359,1367,1369,1381,1379,1386,1372,1383,1391,1380,1398,1402,1408,1420,1423,1431,1435,1443,1431,1432,1433,1437,1444,1435,1437,1447,1455,1471,1482,1503,1525,1532,1534,1564,1563,1598,1610,1642,1686,1711,1724
394561,"El Paso, TX",68,993,1002,999,1005,1004,1007,1002,1013,1001,1002,1000,1004,1003,1005,1004,1006,1010,1011,1011,1013,1008,1003,998,1004,1004,1012,1010,1012,1012,1014,1015,1011,1009,1006,1012,1027,1014,1015,1017,1015,1014,1017,1018,1017,1017,1013,1013,1015,1015,1013,1017,1027,1028,1032,1035,1035,1027,1027,1031,1039,1037,1028,1037,1044,1051,1051,1053,1060,1067,1064,1064,1067,1074,1078,1079,1089,1093,1097,1108,1115,1117,1124,1142,1139,1138,1157,1165,1173,1191,1171,1191,1232
394367,"Baton Rouge, LA",69,1098,1114,1124,1097,1099,1094,1105,1113,1114,1115,1100,1095,1103,1117,1125,1165,1149,1136,1136,1125,1129,1126,1118,1125,1144,1139,1164,1161,1157,1168,1161,1160,1173,1180,1194,1193,1196,1196,1199,1197,1188,1188,1176,1171,1174,1183,1177,1186,1170,1176,1177,1190,1193,1189,1187,1185,1188,1191,1181,1176,1179,1176,1180,1187,1195,1197,1189,1188,1191,1189,1186,1165,1175,1172,1178,1180,1188,1188,1194,1205,1211,1206,1210,1202,1221,1225,1225,1243,1238,1255,1276,1287
394521,"Dayton, OH",70,822,817,817,813,822,829,830,840,844,835,841,835,832,835,836,843,848,852,858,861,855,853,861,863,867,872,880,881,886,886,884,885,884,882,899,892,895,891,894,897,907,912,918,920,922,921,924,930,926,927,938,928,943,945,957,954,953,954,947,957,961,963,968,972,977,976,993,995,993,1001,1010,1009,1008,1013,1015,1007,1014,1025,1032,1036,1039,1043,1051,1067,1071,1079,1090,1090,1088,1107,1134,1147
394843,"McAllen, TX",71,799,899,,844,842,853,849,866,873,874,873,861,872,863,881,880,875,878,876,880,886,876,879,888,893,896,882,887,889,889,896,880,888,911,898,891,892,916,903,898,893,893,899,900,903,906,928,914,906,923,914,914,910,908,906,907,910,918,919,922,928,924,924,919,925,919,927,941,934,933,941,937,938,933,940,943,941,946,950,962,951,965,968,972,974,983,987,1003,1018,1018,1037,1039
394486,"Columbia, SC",72,,971,937,957,966,972,976,977,976,973,980,985,975,965,973,977,985,993,1003,1001,995,993,991,988,1004,996,1008,1004,1011,1009,1017,1024,1020,1020,1029,1020,1019,1025,1035,1035,1037,1044,1045,1047,1041,1047,1051,1051,1046,1058,1060,1068,1072,1075,1080,1084,1084,1085,1087,1088,1092,1100,1103,1117,1124,1130,1133,1131,1126,1124,1126,1123,1130,1140,1150,1147,1156,1165,1175,1172,1179,1187,1195,1188,1207,1215,1233,1245,1259,1292,1311,1333
394648,"Greensboro, NC",73,974,1010,995,995,993,990,1000,998,994,995,990,992,994,994,1006,1019,1024,1023,1028,1027,1023,1012,999,1003,1019,1018,1012,1025,1034,1033,1044,1047,1047,1031,1047,1046,1081,1067,1065,1068,1072,1081,1084,1082,1085,1083,1073,1079,1086,1098,1101,1104,1102,1102,1113,1121,1123,1124,1118,1124,1133,1143,1146,1153,1170,1170,1175,1176,1174,1177,1184,1179,1188,1194,1199,1210,1218,1216,1230,1229,1224,1250,1263,1275,1274,1306,1321,1324,1336,1366,1386,1401
394304,"Akron, OH",74,774,746,743,758,768,786,766,776,783,787,781,789,794,790,800,805,805,814,813,811,806,809,812,816,820,816,813,815,821,827,827,826,827,832,835,831,825,824,832,839,847,844,845,842,844,840,840,840,844,842,853,859,860,861,866,858,857,856,860,865,870,875,881,875,877,886,874,885,891,890,900,899,910,902,909,908,914,921,920,927,916,926,932,921,964,968,961,998,1003,1009,1022,1027
753906,"North Port-Sarasota-Bradenton, FL",75,1185,1236,1223,1237,1235,1237,1250,1262,1264,1274,1289,1318,1324,1325,1322,1326,1321,1337,1343,1351,1354,1369,1378,1384,1402,1400,1417,1400,1387,1387,1391,1388,1400,1408,1432,1430,1437,1437,1449,1448,1434,1436,1430,1440,1448,1459,1463,1480,1482,1484,1487,1476,1479,1486,1496,1502,1511,1512,1526,1535,1546,1540,1529,1529,1534,1534,1553,1569,1565,1576,1594,1601,1602,1586,1574,1574,1561,1568,1592,1595,1614,1662,1679,1700,1656,1684,1698,1733,1795,1865,1948,2024
394798,"Little Rock, AR",76,770,790,769,780,780,782,787,793,795,790,783,785,782,790,794,794,805,805,801,797,797,800,793,795,799,803,802,802,802,805,808,809,797,802,805,810,810,812,817,816,814,815,816,817,820,816,820,818,817,822,822,823,820,818,823,825,830,831,833,832,830,833,840,840,843,848,851,847,847,846,848,849,856,858,858,857,860,867,877,883,887,886,891,893,901,909,917,932,933,948,970,995
395134,"Stockton, CA",77,1330,1352,1340,1343,1359,1349,1368,1377,1395,1424,1404,1404,1396,1403,1426,1432,1445,1458,1456,1516,1509,1512,1499,1508,1511,1540,1550,1560,1567,1590,1601,1595,1626,1634,1621,1647,1659,1665,1674,1703,1711,1721,1743,1766,1773,1775,1763,1769,1779,1784,1794,1801,1820,1829,1860,1869,1875,1872,1878,1879,1878,1878,1894,1907,1919,1937,1957,1969,1967,1969,1960,1983,2019,2022,2017,2010,2018,2023,2049,2096,2100,2121,2109,2176,2200,2214,2238,2269,2350,2398,2428,2441
394457,"Charleston, SC",78,1130,1165,1158,1201,1189,1186,1193,1194,1198,1192,1202,1201,1214,1232,1236,1242,1249,1257,1267,1259,1240,1251,1245,1246,1247,1271,1287,1296,1300,1315,1326,1317,1319,1319,1318,1317,1322,1326,1340,1349,1361,1369,1376,1373,1380,1376,1378,1370,1370,1382,1387,1398,1405,1416,1421,1423,1430,1428,1422,1414,1418,1428,1437,1445,1456,1467,1471,1464,1466,1470,1462,1465,1489,1487,1482,1484,1472,1476,1492,1493,1500,1499,1491,1510,1519,1504,1528,1563,1599,1638,1691,1745
395143,"Syracuse, NY",79,936,927,941,951,968,971,990,1006,999,986,962,962,973,964,989,987,1017,1027,1021,1016,1010,1003,1007,1023,1027,1027,1035,1051,1059,1056,1024,1035,1038,1030,1057,1055,1055,1056,1058,1052,1070,1071,1068,1076,1065,1081,1105,1112,1103,1106,1093,1087,1100,1091,1091,1102,1086,1088,1086,1125,1109,1088,1099,1107,1108,1140,1122,1120,1132,1140,1134,1128,1150,1156,1151,1155,1188,1161,1171,1177,1170,1173,1196,1187,1205,1209,1222,1259,1255,1283,1292,1302
394484,"Colorado Springs, CO",80,1051,1060,1068,1071,1080,1090,1095,1097,1097,1102,1104,1107,1109,1112,1115,1121,1131,1145,1150,1157,1154,1159,1160,1170,1172,1171,1185,1199,1209,1222,1224,1238,1244,1245,1245,1245,1257,1260,1270,1280,1290,1300,1306,1312,1312,1311,1319,1328,1335,1348,1354,1363,1369,1371,1377,1382,1381,1380,1381,1385,1395,1416,1426,1430,1437,1444,1449,1456,1456,1464,1464,1472,1485,1489,1492,1492,1493,1498,1510,1524,1535,1544,1553,1553,1566,1589,1611,1641,1668,1697,1743,1763
395235,"Winston-Salem, NC",81,1104,1097,1099,1082,1082,1081,1086,1083,1084,1072,1081,1084,1086,1091,1101,1099,1105,1111,1115,1121,1119,1120,1115,1111,1115,1122,1141,1141,1144,1137,1148,1146,1147,1141,1146,1143,1148,1153,1164,1172,1180,1186,1181,1184,1190,1191,1190,1185,1198,1201,1211,1223,1225,1226,1230,1233,1239,1237,1241,1245,1254,1261,1271,1278,1288,1295,1305,1300,1299,1301,1298,1295,1317,1324,1324,1325,1331,1347,1349,1367,1375,1378,1397,1378,1403,1412,1438,1466,1497,1538,1556,1570
395224,"Wichita, KS",82,,698,730,722,748,752,757,755,774,775,769,762,758,760,759,767,755,757,761,756,762,761,755,764,762,763,767,774,771,780,774,768,763,765,766,765,763,764,768,773,771,776,777,777,776,770,770,771,775,775,777,779,785,786,784,784,783,793,786,784,779,783,785,791,793,796,801,804,803,801,804,800,803,805,811,810,813,819,823,828,833,828,829,828,831,840,843,858,865,882,874,887
395115,"Springfield, MA",83,,1120,1067,1099,1123,1138,1146,1165,1150,1128,1141,1143,1145,1143,1141,1157,1159,1171,1173,1179,1177,1172,1171,1168,1169,1178,1191,1194,1216,1210,1226,1217,1214,1222,1212,1199,1192,1196,1208,1228,1229,1243,1238,1240,1256,1243,1244,1240,1244,1246,1260,1258,1267,1276,1301,1302,1303,1301,1304,1276,1285,1292,1304,1309,1314,1326,1330,1332,1318,1330,1324,1327,1341,1352,1352,1348,1353,1359,1367,1351,1362,1375,1355,1371,1380,1435,1442,1426,1438,1434,1459,1453
394440,"Fort Myers, FL",84,990,979,984,987,999,1003,1016,1026,1044,1055,1063,1073,1072,1078,1091,1116,1127,1131,1137,1163,1178,1180,1193,1195,1201,1201,1222,1215,1217,1229,1235,1239,1235,1243,1255,1258,1269,1265,1269,1269,1268,1271,1271,1274,1279,1288,1299,1308,1319,1318,1311,1307,1314,1318,1324,1337,1340,1343,1351,1359,1364,1357,1355,1358,1364,1373,1375,1379,1386,1393,1391,1396,1404,1415,1408,1399,1401,1405,1418,1427,1447,1459,1471,1471,1463,1479,1494,1510,1558,1619,1679,1757
394399,"Boise City, ID",85,931,948,954,961,974,983,993,997,994,994,990,968,980,991,1007,1011,1024,1032,1040,1045,1047,1050,1047,1040,1047,1055,1067,1081,1089,1102,1114,1122,1121,1122,1110,1110,1115,1121,1137,1161,1164,1174,1187,1196,1200,1201,1198,1196,1200,1213,1224,1217,1242,1269,1285,1293,1299,1288,1298,1299,1303,1310,1326,1336,1355,1377,1380,1381,1386,1380,1375,1377,1387,1385,1411,1402,1411,1421,1441,1457,1469,1481,1504,1522,1550,1577,1619,1655,1708,1760,1799,1823
395160,"Toledo, OH",86,839,826,862,849,837,835,854,824,839,835,834,828,841,855,856,916,881,862,861,837,851,858,861,854,860,861,895,873,878,885,890,890,892,890,886,892,887,878,883,899,899,904,904,904,901,905,914,908,917,907,909,940,934,928,925,916,919,924,909,926,922,923,922,936,942,946,945,949,943,943,932,918,918,936,941,953,966,975,982,976,984,967,963,982,984,998,1010,1036,1082,1086,1091,1109
394816,"Madison, WI",87,1095,1066,1069,1064,1068,1077,1081,1086,1078,1095,1090,1092,1086,1090,1100,1114,1107,1121,1122,1130,1122,1124,1133,1150,1135,1150,1138,1143,1161,1158,1167,1159,1151,1156,1168,1165,1162,1167,1171,1174,1181,1178,1179,1188,1176,1185,1190,1180,1188,1186,1193,1196,1204,1211,1210,1206,1208,1220,1220,1219,1220,1228,1234,1240,1240,1244,1245,1235,1237,1241,1249,1252,1268,1271,1271,1272,1269,1267,1274,1273,1275,1273,1294,1294,1304,1306,1315,1319,1322,1320,1336,1331
394766,"Lakeland, FL",88,995,1028,1011,1008,1014,1018,1049,1053,1042,1036,1035,1042,1045,1045,1047,1059,1066,1073,1077,1078,1060,1078,1090,1086,1086,1095,1089,1101,1119,1125,1128,1141,1143,1135,1143,1150,1150,1149,1156,1159,1174,1182,1180,1183,1187,1194,1211,1205,1190,1203,1223,1236,1251,1260,1268,1269,1275,1283,1285,1288,1291,1300,1311,1313,1318,1321,1331,1340,1342,1343,1348,1355,1354,1355,1364,1362,1377,1380,1390,1399,1405,1420,1430,1437,1446,1442,1472,1494,1522,1570,1603,1637
394931,"Ogden, UT",89,935,992,972,976,987,983,988,995,994,993,991,990,997,1007,1012,1013,1021,1030,1033,1038,1042,1045,1047,1045,1052,1060,1062,1024,1057,1089,1091,1096,1099,1103,1110,1105,1124,1123,1130,1131,1136,1144,1146,1163,1166,1161,1160,1163,1168,1183,1197,1214,1207,1223,1230,1234,1228,1237,1247,1256,1260,1258,1276,1279,1291,1300,1299,1298,1295,1306,1306,1321,1321,1349,1343,1330,1343,1351,1358,1357,1342,1370,1392,1387,1412,1437,1438,1476,1515,1537,1586,1575
394528,"Daytona Beach, FL",90,1028,1028,1036,1037,1041,1044,1057,1066,1047,1067,1082,1086,1098,1094,1101,1110,1108,1115,1135,1138,1142,1163,1160,1139,1158,1159,1167,1176,1196,1196,1203,1224,1219,1235,1241,1233,1238,1236,1220,1237,1256,1263,1277,1284,1278,1288,1299,1296,1300,1311,1325,1328,1344,1345,1351,1364,1363,1368,1373,1385,1384,1397,1408,1403,1411,1409,1416,1422,1427,1437,1439,1447,1454,1460,1467,1454,1448,1457,1470,1480,1495,1509,1515,1542,1548,1551,1583,1602,1620,1635,1659,1686
394531,"Des Moines, IA",91,981,947,971,1001,1003,1003,1015,1001,1000,1023,1036,1019,1019,1019,1036,1034,1030,1035,1030,1023,1007,1014,1011,1002,995,992,1013,1022,1030,1038,1039,1040,1028,1033,1037,1027,1032,1031,1044,1046,1054,1056,1067,1058,1048,1049,1038,1040,1026,1036,1047,1056,1061,1069,1080,1075,1067,1064,1057,1061,1065,1054,1053,1067,1075,1080,1091,1091,1091,1089,1089,1083,1084,1089,1094,1076,1084,1094,1105,1111,1108,1115,1113,1101,1107,1104,1135,1128,1134,1141,1149,1156
394711,"Jackson, MS",92,1143,1075,1107,1101,1116,1127,1120,1119,1121,1126,1125,1128,1116,1127,1135,1142,1138,1102,1125,1138,1138,1138,1145,1143,1151,1194,1175,1163,1157,1165,1161,1160,1159,1157,1154,1170,1173,1168,1164,1168,1168,1174,1173,1172,1177,1172,1166,1173,1175,1180,1188,1186,1188,1161,1174,1181,1183,1188,1197,1187,1194,1195,1197,1190,1194,1203,1204,1201,1185,1192,1212,1211,1218,1217,1234,1229,1226,1221,1225,1237,1241,1252,1252,1241,1240,1253,1265,1284,1306,1333,1352,1339
395245,"Youngstown, OH",93,564,582,563,568,579,568,556,564,575,585,585,575,576,579,586,587,587,560,558,573,580,587,590,590,590,585,589,571,582,590,595,600,598,604,600,595,604,601,607,606,607,613,613,622,612,612,614,608,611,614,621,617,623,626,630,649,645,644,636,644,642,643,646,640,641,645,648,648,642,650,654,650,658,672,672,672,679,674,679,681,693,686,700,686,704,717,720,734,734,760,760,797
394352,"Augusta, GA",94,917,949,935,924,922,919,920,914,915,925,924,923,922,918,920,926,935,949,948,939,942,942,944,941,934,947,947,950,956,963,963,960,962,969,960,961,956,954,966,972,978,979,981,985,987,990,992,991,994,987,998,1002,1010,1015,1010,1010,1014,1018,1014,1019,1020,1024,1032,1044,1053,1059,1055,1061,1063,1064,1063,1060,1062,1068,1072,1079,1084,1091,1112,1121,1130,1128,1148,1148,1152,1145,1155,1184,1202,1228,1254,1261
395075,"Scranton, PA",95,793,816,814,813,824,848,853,839,838,838,839,827,824,821,827,831,832,829,840,837,842,850,851,847,809,825,849,880,862,844,849,860,858,872,862,852,863,867,892,883,873,869,865,871,877,871,878,896,855,873,886,884,882,889,886,894,890,909,905,898,900,905,900,908,912,930,923,928,929,937,948,947,932,939,946,931,947,946,949,943,969,986,988,1014,996,1007,1013,1029,1036,1060,1079,1096
394666,"Harrisburg, PA",96,945,957,938,927,925,922,918,893,908,890,912,917,915,923,939,944,943,936,932,934,936,937,928,938,939,930,938,954,962,967,977,963,962,957,969,955,958,958,959,974,977,973,978,978,973,980,971,972,973,970,982,989,998,1000,1000,1006,1012,1015,1027,1024,1028,1028,1036,1039,1041,1044,1048,1048,1055,1057,1057,1045,1057,1060,1054,1056,1050,1064,1069,1080,1077,1075,1087,1087,1108,1112,1110,1141,1154,1186,1195,1216
394957,"Melbourne, FL",97,961,983,969,975,980,988,1001,989,1001,1003,1009,1019,1028,1032,1038,1047,1045,1057,1070,1090,1089,1090,1097,1107,1113,1123,1122,1129,1131,1150,1152,1158,1171,1174,1186,1193,1196,1205,1215,1212,1216,1228,1236,1241,1253,1262,1264,1266,1278,1283,1290,1303,1317,1324,1327,1337,1339,1333,1347,1350,1354,1358,1369,1369,1375,1376,1378,1384,1392,1392,1396,1406,1413,1445,1444,1430,1426,1429,1433,1453,1461,1466,1480,1484,1508,1514,1534,1565,1606,1626,1674,1729
395113,"Spokane, WA",99,935,1019,987,945,946,937,924,924,895,909,916,898,923,929,924,965,966,971,967,966,968,966,985,994,998,999,1015,1018,1008,1014,1007,1013,1033,1030,1022,1025,1019,1036,1045,1016,1049,1064,1073,1075,1082,1085,1089,1066,1080,1086,1103,1108,1123,1139,1123,1145,1145,1146,1148,1145,1149,1147,1163,1179,1197,1204,1211,1205,1221,1218,1195,1184,1210,1226,1247,1243,1247,1246,1262,1257,1298,1313,1298,1311,1330,1364,1370,1425,1485,1523,1558,1577
395006,"Provo, UT",100,985,1015,1008,999,1008,1037,1039,1024,1037,1042,1034,1041,1049,1048,1068,1052,1061,1076,1080,1069,1085,1093,1092,1092,1114,1099,1105,1106,1116,1150,1148,1151,1147,1154,1157,1142,1146,1162,1164,1166,1186,1191,1201,1206,1192,1190,1196,1201,1216,1220,1220,1241,1239,1253,1263,1266,1259,1260,1258,1262,1276,1276,1276,1277,1301,1307,1309,1315,1316,1305,1303,1303,1306,1309,1313,1314,1325,1338,1346,1346,1333,1367,1372,1378,1424,1432,1445,1461,1481,1500,1539,1541
394549,"Durham, NC",104,1105,1065,1094,1123,1135,1131,1143,1137,1140,1136,1129,1139,1135,1134,1147,1150,1159,1161,1183,1178,1169,1166,1163,1167,1183,1188,1193,1210,1201,1211,1217,1211,1213,1243,1235,1226,1226,1227,1230,1241,1248,1242,1255,1258,1247,1256,1261,1254,1245,1242,1255,1267,1283,1288,1287,1288,1291,1295,1297,1294,1299,1300,1312,1317,1333,1343,1351,1352,1353,1348,1356,1346,1343,1334,1344,1331,1351,1354,1352,1358,1354,1363,1374,1380,1406,1373,1342,1366,1419,1462,1494,1510
394995,"Port St. Lucie, FL",119,1093,1022,1073,1087,1118,1107,1133,1144,1147,1151,1157,1173,1181,1186,1127,1136,1180,1194,1202,1211,1231,1221,1239,1242,1254,1265,1268,1272,1289,1293,1300,1302,1314,1315,1315,1321,1333,1343,1336,1346,1347,1371,1377,1391,1390,1396,1403,1407,1406,1426,1431,1430,1451,1460,1480,1479,1478,1484,1485,1512,1505,1504,1496,1497,1498,1502,1522,1545,1538,1560,1571,1575,1576,1606,1583,1563,1565,1559,1577,1604,1640,1687,1693,1694,1679,1735,1738,1755,1803,1874,1908,1941
394602,"Fort Collins, CO",159,1224,1259,1248,1255,1259,1263,1273,1267,1300,1308,1285,1295,1296,1333,1340,1342,1358,1376,1383,1381,1378,1381,1370,1369,1363,1368,1387,1395,1417,1438,1440,1430,1415,1401,1395,1404,1395,1431,1437,1447,1445,1441,1449,1448,1448,1443,1448,1447,1424,1445,1471,1483,1497,1499,1502,1502,1496,1497,1481,1492,1492,1516,1528,1536,1537,1549,1549,1543,1546,1535,1534,1534,1550,1561,1569,1569,1573,1583,1583,1572,1562,1553,1567,1576,1573,1599,1619,1642,1659,1688,1711,1729
394405,"Boulder, CO",162,1477,1513,1477,1463,1474,1505,1524,1533,1554,1551,1524,1518,1551,1569,1598,1603,1614,1626,1632,1662,1688,1677,1651,1675,1688,1691,1708,1712,1720,1717,1724,1717,1723,1705,1713,1691,1693,1721,1725,1737,1738,1745,1758,1762,1758,1746,1759,1772,1773,1770,1778,1780,1800,1825,1842,1837,1829,1832,1820,1821,1831,1839,1852,1868,1882,1879,1884,1885,1878,1901,1896,1884,1885,1887,1912,1892,1884,1890,1895,1892,1907,1920,1919,1931,1954,1967,1984,2000,2018,2042,2066,2096
394623,"Gainesville, GA",229,900,942,952,945,967,964,950,950,940,952,943,957,953,969,986,993,996,996,1007,1015,1031,1019,1051,1025,1022,1008,1032,1036,1034,1031,1073,1076,1101,1085,1092,1089,1090,1096,1083,1086,1109,1117,1140,1143,1134,1132,1126,1146,1155,1146,1157,1168,1164,1162,1170,1170,1182,1200,1197,1200,1217,1230,1238,1259,1247,1240,1243,1257,1271,1267,1272,1268,1281,1285,1273,1268,1260,1276,1264,1281,1316,1319,1325,1360,1360,1377,1371,1433,,1516,1560,1608
